{"cameraMode":{"drawMode":0,"name":"Shaded","section":"Shading Mode"},"sceneLighting":true,"audioPlay":false,"sceneViewState":{"showFog":true,"showMaterialUpdate":false,"showSkybox":true,"showFlares":true,"showImageEffects":true,"showParticleSystems":true,"showVisualEffectGraphs":true,"m_FxEnabled":true},"in2DMode":false,"pivot":{"x":-61.419944763183597,"y":6.863039970397949,"z":-13.156087875366211},"rotation":{"x":-0.06321369111537934,"y":-0.06040598824620247,"z":0.0034877981524914505,"w":-0.9968439936637878},"size":59.439048767089847,"orthographic":false}