{"cameraMode":{"drawMode":0,"name":"Shaded","section":"Shading Mode"},"sceneLighting":true,"audioPlay":false,"sceneViewState":{"showFog":true,"showMaterialUpdate":false,"showSkybox":true,"showFlares":true,"showImageEffects":true,"showParticleSystems":true,"showVisualEffectGraphs":true,"m_FxEnabled":true},"in2DMode":false,"pivot":{"x":290.4244689941406,"y":1.4151246547698975,"z":-882.0645751953125},"rotation":{"x":-0.08328705281019211,"y":0.08009954541921616,"z":-0.016061240807175638,"w":-0.9944679141044617},"size":5.1863298416137699,"orthographic":false}