{"cameraMode":{"drawMode":0,"name":"Shaded","section":"Shading Mode"},"sceneLighting":true,"audioPlay":false,"sceneViewState":{"showFog":true,"showMaterialUpdate":false,"showSkybox":true,"showFlares":true,"showImageEffects":true,"showParticleSystems":true,"showVisualEffectGraphs":true,"m_FxEnabled":true},"in2DMode":false,"pivot":{"x":429.6506042480469,"y":5.950407981872559,"z":-1186.343505859375},"rotation":{"x":0.014487426728010178,"y":-0.2650398313999176,"z":0.010790351778268814,"w":0.9652647376060486},"size":20.097862243652345,"orthographic":false}